warehouse_int_id,warehouse_id,warehouse_name,warehouse_gstin,warehouse_phone,warehouse_address,warehouse_city,warehouse_state,warehouse_pincode,contact_name,contact_number,wms_id,op_owner,shipping_auto,stock_tracking,lat_long
1467,Source,Source,763872749872983,728197387298133,Source,Bangalore,Karnataka,560037,Source,728197387298133,1,1,True,False,"[12.9566294, 77.70468230000002]"
1486,RK6,RK6,93289498239849234234,7893749879,RK6,Bangalore,Karnataka,560034,RK6,89898989898,TPv1,TPv1,True,True,"[12.9261382, 77.62210910000002]"
14,WE_Bangalore,WE Warehouse Bangalore,sodjgh,9455500191,,Bangalore,Karnataka,560067,Mayank Varshney,9455500191,3,3,True,True,"[12.9967012, 77.758197]"
1507,QA,QA,123232323245656,4545,DGDFG,Bangalore,Karnataka,560043,ETRET,4545,368,368,True,False,"[13.0206268, 77.64788519999999]"
1543,Damensch,Damensch,NOGST,6363407643,Dummy,Bangalore,Karnataka,560008,fhuwdjq`,89898989898,TPv8,TPv8,True,True,"[12.9819939, 77.6256131]"
7,home_test,Home Indiranagar,GST2,9131625473,"1075/I,5th Cross,12th Main,HAL 2 Stage,Indiranagar,Bangalore-560008",Bangalore,Karnataka,560008,Amar,9131625473,1,GS,True,True,"[12.9709509, 77.6384946]"
29,Clickpost_BNG,Clickpost Bangalore,,9455500191,"MRF garage Kudlu gate.5668,Krishna ReddyIndustrial Area, Hosapalya, Muneshwara Nagar",Bangalore,Karnataka,560068,,,14,14,True,False,"[12.889857, 77.639659]"
5,BLR_WHF2,"92/7 Whitefield, Bangalore (WE)",,8878845146,"Survey No- 92/7 Koralur, Hoskotae TQ, Kasaba - Hubli , Koraluru Village, Bangalore - 560067, India",Bangalore,Karnataka,560067,Dharmendra,8878845146,GS,GS,True,True,"[12.9881316, 77.78208819999999]"
43,DRK_IND_BLR,Home Indiranagar,,9005533960,"No.#1075/I, 1 st Floor,1 12 th Main,5 th Cross, HAL 2 nd Stage, Indiranagar, Bangalore",Bangalore,Karnataka,560008,Yash Sharma,9005533960,11,11,True,True,"[12.9704841, 77.6434168]"
1569,Vobble Fun,Vobble Fun,NOGST,6363407643,Vobble,Bangalore,Karnataka,560008,Deepa,89898989898,TPc327,TPc327,True,True,"[12.9819939, 77.6256131]"
1601,test,test,00000000,7406582007,test,Bangalore,Karnataka,560037,deepak,7406582007,389,389,True,False,"[12.9566294, 77.70468230000002]"
80,Deepankar,Deepankar,,9741819625,ejipura,Bangalore,Karnataka,560047,deepankar,,1,1,True,True,"[12.9385333, 77.6308174]"
135,Healofy,hfy hsr,,9776648111,"VIVOIZ HEALTHTECH PRIVATE LIMITED, Bhagavath Geetha Susmishi Complex, No  15, 9th Main, 13th Cross, Sector 6, HSR  Layout, Bangalore - 560102",Bangalore,Karnataka,560102,,,54,54,True,False,"[12.8931964, 77.63471729999999]"
139,Snehil's Test Vendor,Snehil's Test Vendor,SNEHIL1010,9335288200,"1075i, 5th Cross Road, 12th Main Road",Bangalore,Karnataka,560008,Snehil Saluja,89898989898,TPv1,TPv1,True,True,"[12.9709509, 77.6384946]"
184,Self,Self,NOGST,9987097067,Bangalore,Bangalore,Karnataka,560005,Aman,89898989898,TPv56,TPv56,True,True,"[12.9979887, 77.62265119999999]"
267,OWNWH,OWNWH,OWNWH,9108524666,OWNWH,Bangalore,Karnataka,560039,OWNWH,9108524666,1,delete,True,False,"[12.9445624, 77.52529969999999]"
146,default,default,undefined,9741819625,ejipura,Bangalore,Karnataka,560008,bangalore,89898989898,TPc1,TPc1,True,True,"[12.9385333, 77.6308174]"
160,Self,Self,XCCC,9700111641,"VIVOIZ HEALTHTECH PRIVATE LIMITED, Bhagavath Geetha Susmishi Complex, No 15, 9th Main, 13th Cross, Sector 6, HSR Layout, Bangalore - 560102",Bangalore,Karnataka,560102,Hemanth,89898989898,TPv54,TPv54,True,True,"[12.8931964, 77.63471729999999]"
1714,test,test,na,0000000000,test,Bangalore,Karnataka,560034,na,0000000000,403,403,True,False,"[12.9261382, 77.62210910000002]"
172,KR,KR,7777,9892389892,KRss,Bangalore,Karnataka,867886,KR,89898989898,TPv1,TPv1,True,True,"[12.9715987, 77.5945627]"
487,PureCult Warehouse,PureCult Warehouse,07AAHCG8710B1ZW,9901699797,"#482, Ground floor, 2nd main Road, Indiranagar 2nd stage Hoysala nagar, Behind BDA complex, Bangalore,Karnataka 560038	",Bangalore,Karnataka,560038,Arogya Nathan ,9901699797,109,109,True,False,"[12.9660215, 77.6426704]"
178,Demo Test Warehouse,Demo Test Warehouse,12345678,8687007388,"HAL 2nd Stage, Doopanahalli, Indiranagar",Bangalore,Karnataka,560008,Demo Test Warehouse,89898989898,TPv42,TPv42,True,True,"[12.9671852, 77.6385779]"
173,KR,KR,7777,7887783783,KRss,Bangalore,Karnataka,560036,bangalore,89898989898,TPc1,TPc1,True,True,"[13.008385, 77.69600799999999]"
179,srikanth house,srikanth house,,7032391706,"Indiranagar, Bengaluru, Karnataka",Bangalore,Karnataka,560103,srikanth,,42,42,True,True,"[12.9783692, 77.6408356]"
171,KR,KR,,7887783783,KRs,Bangalore,Karnataka,978878,7887783783,,1,delete,True,True,"[12.9507099, 77.5786669]"
183,Self - Hooley,Self - Hooley,NOGST,8618076494,"No 121, Hari Vikaas, Meenakshi Layout, Kalena aghera banergatta road",Bangalore,Karnataka,560076,Vikaas,89898989898,TPv57,TPv57,True,True,"[12.7943684, 77.6209533]"
226,CTRLM_BMJP_BNG,CTRLM_BMJP_BNG,ABCDEFGHIJ,8550043300,"Bhagwan Mahaveer Jain Prints No.27, between 2nd Cross and 3rd cross, 4th Main and 5th main, Chamrajpet,",Bangalore,Karnataka,560018,Nasreen,8550043300,61,61,True,False,"[12.9347232, 77.5653339]"
190,CTRLM_BNG,CTRLM_BNG,,9986410023,"OMKAR OFFSET PRINTERS, 3/4, 1st Main Road, New Tharagupet",Bangalore,Karnataka,560002,Darshan,,61,61,True,True,"[12.9624008, 77.572082]"
200,new Address,new Address,new NewAddress,9108514638,new Address,Bangalore,Karnataka,560036,new Address,89898989898,TPv1,TPv1,True,True,"[13.008385, 77.69600799999999]"
198,IHC Sukoon,IHC Sukoon,TBA,9886082200,"NO 1172, 12TH MAIN, 4TH CROSS, HAL 2nd Stage, Indiranagar",Bangalore,Karnataka,560008,Jayanti,9886082200,63,63,True,False,"[12.967835, 77.6497311]"
203,NEWADDRESSW,NEWADDRESSW,NEWADDRESSW,9108514638,NEWADDRESSW,Bangalore,Karnataka,560036,NEWADDRESSW,89898989898,TPv1,TPv1,True,True,"[13.008385, 77.69600799999999]"
204,NEWADDRESSW,NEWADDRESSW,NEWADDRESSW,9108514638,NEWADDRESSW,Bangalore,Karnataka,560037,NEWADDRESSW,89898989898,TPc1,TPc1,True,True,"[12.9566294, 77.70468230000002]"
701,Alt Co HQ,Alt Co HQ,ABC1234XYZ,9686342620,"No. 2, 4th Main Road, Sadashivanagar, Bangalore - 560080",Bangalore,Karnataka,560080,Santhosh,9686342620,118,118,True,False,"[12.9996798, 77.57802389999999]"
210,Primetrace Technologies Pvt Ltd,Primetrace Technologies Pvt Ltd,29AALCP2855N1ZM,7795439495,"4th Floor, No.246, Ram Plaza, 17th cross, Sector VI, HS Layout",Bangalore,Karnataka,560102,Johny Basha,7795439495,74,74,True,False,"[12.908822, 77.6239816]"
211,Self-Kutumb,Self-Kutumb,29AALCP2855N1ZM,7795439495,Hsr layout Bangalore,Bangalore,Karnataka,560102,Self-Kutumb,89898989898,TPv74,TPv74,True,True,"[12.9040527, 77.6490042]"
237,ds_blr_mtl,ds_blr_mtl,,9740728281,"89/1, Outer Ring Rd, Behind @home, Marathahalli Village, Marathahalli, Bengaluru, Karnataka 560037",Bangalore,Karnataka,560037,Ravichandran,9740728281,36,36,True,False,"[12.9496157, 77.6983095]"
273,Test_vendor_GS,Test_vendor_GS,ABCDEFGHIJK,7032391706,"Indiranagar, Bengaluru, Karnataka",Bangalore,Karnataka,560008,Test_vendor_GS,89898989898,TPv88,TPv88,True,True,"[12.9783692, 77.6408356]"
169,Anil_Home,Anil_Home,,8169983345,"203, Lakshmi Placid, 15th Main road, Indranagar",Bangalore,Karnataka,560038,Anil,,1,delete,True,True,"[12.9661797, 77.64247089999999]"
262,PRODGSWH,PRODGSWH,PRODGSWH1234,9108514630,#PRODGSWH123,Bangalore,Karnataka,560039,PRODGSWH12,9108514630,GS,GS,True,True,"[12.9445624, 77.52529969999999]"
199,DS_Damensch,DS_Damensch,12378945601,9066859089,"Survey No.70/6 ,Bommanahalli ,Begur, Hobli, Bangalore South",Bangalore,Karnataka,560068,Biswojit Jena,9066859089,1,delete,True,False,"[12.8913183, 77.6178797]"
209,QA-RK-Test house,QA-RK-Test house,123425346546,9958846357,Testing,Bangalore,Karnataka,560034,QA-test,9958846357,1,delete,True,False,"[12.9261382, 77.62210910000002]"
225,QA-Test hubb,QA-Test hubb,1234567,9088965656,QA-Test hubb,Bangalore,Karnataka,560043,QA-Testing,9088965656,1,delete,True,False,"[12.9924154, 77.6642786]"
245,Anil Test,Anil Test,ABCD,7389001155,"B7-1502, Elita promenade JP Nagar 7th Phase, Bangalore",Bangalore,Karnataka,560078,Anil,7389001155,1,delete,True,False,"[12.8951328, 77.5761]"
254,Address - 01,Address - 01,ABCDEFGH,9999823333,3325 7th cross 13th main Indiranagar,Bangalore,Karnataka,560008,Kshitij ,9999823333,1,delete,True,False,"[12.9689479, 77.63808259999999]"
277,Thrive Incubex,Thrive Incubex,29AAECL8832D1ZE,7597263298,"80ft Road, Koramanagala, 1A Block, Bengaluru",Bangalore,Karnataka,560034,Logipe Fintech Private Limited,7597263298,89,89,True,False,"[12.9268246, 77.6335419]"
324,INFRATEST,INFRATEST,INFRATEST,9294994443,INFRATEST,Bangalore,Karnataka,560039,INFRATEST,89898989898,TPv1,TPv1,True,True,"[12.9445624, 77.52529969999999]"
308,Napsa Pvt Ltd Vendor Address,Napsa Pvt Ltd Vendor Address,1AAS3,8998112221,"Random Address, Random Street, Known City ",Bangalore,Karnataka,560008,Napsa Pvt Ltd Vendor Address,89898989898,TPv84,TPv84,True,True,"[12.9819939, 77.6256131]"
329,Indiejewel Fashions Private Limited,Indiejewel Fashions Private Limited,29AAFCI2595G1Z9,8548848808,"Sy No7 Hosahalli, 1st 2nd 3rd 4th 5th, Laxmi Complex, 4th Block Bangalore, further extension of banashankari 6th stage, Bengaluru, Karnataka, 560062",Bangalore,Karnataka,560062,Pavan,8548848808,100,100,True,False,"[12.9330888, 77.53949490000001]"
319,Pettofit,Pettofit,29AALCP9540Q1ZC,7543844779,"No. 1702, First Floor, 19th Main, Sector-2, HSR Layout, Bengaluru, Karnataka",Bangalore,Karnataka,560102,Mohit Mishra,7543844779,98,98,True,False,"[12.9086975, 77.6445086]"
318,,,29AALCP9540Q1ZC,7543844779,"No. 1702, First Floor, 19th main Sector-2, H.S.R. Layout, Bengaluru, Karnataka, 560102, India",Bangalore,Karnataka,560102,Mohit Mishra,7543844779,98,98,True,False,"[12.9086975, 77.6445086]"
321,Testing Warehouse - Healofy,Testing Warehouse - Healofy,ASD12121,9191199191,"3606, 5th Cross, HAL 2nd Stage, Doopanahalli, Indiranagar
Bangalore, Karnataka
GST - ASD12121",Bangalore,Karnataka,560008,Tester,9191199191,54,54,True,False,"[12.9729551, 77.6436526]"
316,Growsimplee1,Growsimplee1,Sample,9999999999,test vendor,Bangalore,Karnataka,560068,Sample,89898989898,TPv1,TPv1,True,True,"[12.8892684, 77.63991]"
775,ANO,ANO,98798789709,6876876876,ANO,Bangalore,Karnataka,560039,ANO,6876876876,1,1,True,False,"[12.9445624, 77.52529969999999]"
812,QR,QR,QR542655752,9889298892,QR,Bangalore,Karnataka,560039,QR,89898989898,TPv1,TPv1,True,True,"[12.9445624, 77.52529969999999]"
781,DM,DM,56456456464564,2343453564,DM,Bangalore,Karnataka,560038,DM,89898989898,TPv1,TPv1,True,True,"[12.9783459, 77.64078669999999]"
825,Ruksar,Ruksar,762347832,5654656556,test,Bangalore,Karnataka,560043,Ruksar,89898989898,TPv1,TPv1,True,True,"[13.017556, 77.6332537]"
341,NEWWH,NEWWH,NEWWH,9108903890,NEWWH,Bangalore,Karnataka,560039,NEWWH,9108903890,1,1,True,False,"[12.9445624, 77.52529969999999]"
342,Redsyn - Vendor,Redsyn - Vendor,ABCBCBA113,1931011211,"Big Pitcher, HAL Road, Domlur ",Bangalore,Karnataka,560008,Redesyn,1931011211,TPv37,TPv37,True,True,"[12.9602204, 77.6468902]"
353,Your Design,Your Design,29AABCY1385J1ZW,7892414679,"185/1, 2nd floor, Sree Murugan Complex, 4th cross KS Garden",Bangalore,Karnataka,560027,Kusum,7892414679,117,117,True,False,"[12.9581291, 77.5898699]"
348,Foxy Bangalore Store,Foxy Bangalore Store,29AASCA8368G1ZX,9711966507,"DAVAR ATRIUM, Corporation No. 118 Unit no. 2/1 of Ground floor Koramangala Industrial Area 7th block, Bangalore - 560095",Bangalore,Karnataka,560095,A3M Brand Direct Purchase Pvt Ltd,9711966507,115,115,True,False,"[12.9269735, 77.5766264]"
1393,Dummy,Dummy,87897987989899898,7687878979,Dummy,Bangalore,Karnataka,560034,Dummy,89898989898,TPc1,TPc1,True,True,"[12.9261382, 77.62210910000002]"
361,Mumchies Foods,Mumchies Foods,29CABPK5449N1Z4,1234567890,"581, F Main Rd, Shantiniketan Layout, Hulimavu, Bengaluru, Karnataka 560076",Bangalore,Karnataka,560076,Mumchies Foods,1234567890,125,125,True,False,"[12.8819822, 77.6049456]"
364,NEWWHwe,NEWWHwe,NEWWHwe,9108989898,NEWWHwe,Bangalore,Karnataka,560039,K.Rjdd,9108989898,1,1,True,False,"[12.9445624, 77.52529969999999]"
375,No 29 ,No 29 ,29AAJCM5415D1ZI,9740673659,"Near Venugopal Swamy Temple, Konena Agrahara Bengaluru ",Bangalore,Karnataka,560017,Damodaran ,9740673659,136,136,True,False,"[12.9585992, 77.6615398]"
376,Mohalla Tech Pvt Ltd,Mohalla Tech Pvt Ltd,29AAJCM5415D1ZI,7259920040,"1st floor, No2 26 27 and 3, SONA TOWERS, KRISHNA, NAGAR INDUSTRIAL AREA,, Hosur Main Road bengaluru, Bengaluru Urban, Karnataka, 560029",Bangalore,Karnataka,560029,Charles ,7259920040,136,136,True,False,"[12.9885389, 77.5922981]"
389,CURESKIN,CURESKIN,29AAJCC8379A1ZD,9620565654,"26/10, 6th cross, Ramanna Compound Mangammanapalya, Bommanahalli, HSR Layout, Bengaluru, Karnataka 560068",Bangalore,Karnataka,560068,Rahman,9620565654,148,148,True,False,"[12.9210881, 77.6511089]"
391,NutriPlanet Foods Private Limited,NutriPlanet Foods Private Limited,29AAECN9747N1ZI,9740029902,"48/2E, 7th, #48, Main, SKS Compound Rd, Kudlu Gate, Singasandra",Bangalore,Karnataka,560068,Ranganatha Naykar,9740029902,149,149,True,False,"[12.8880285, 77.6421798]"
395,Asitis_Blr,Asitis_Blr,ADGHDSDJGTGH,7829108777,"No. 104/4, 1st cross, timber yard layout, avalahalli, Mysore Road Bangalore, 560026 Karnataka,",Bangalore,Karnataka,560026,Yogesh,7829108777,137,137,True,False,"[12.9450711, 77.54533339999999]"
1059,WMSk,WMSk,WMSk,9898378973,WMSk,Bangalore,Karnataka,560039,WMSk,89898989898,TPv1,TPv1,True,True,"[12.9445624, 77.52529969999999]"
958,Addk06,Addk06,Addk06,9892897893,Addk06,Bangalore,Karnataka,560038,Addk06,89898989898,TPv1,TPv1,True,True,"[12.9783459, 77.64078669999999]"
964,sat,sat,sat,9889786887,sat,Bangalore,Karnataka,560056,sat,89898989898,TPc1,TPc1,True,True,"[12.9514678, 77.492145]"
1267,PS,PS,PS,8787878979,PS,Bangalore,Karnataka,560039,PS,89898989898,TPc1,TPc1,True,True,"[12.9445624, 77.52529969999999]"
424,Test WH,Test WH,AXBCVFGRTDD,8989898989,Indiranagar,Bangalore,Karnataka,560038,Iqbal,8989898989,109,109,True,False,"[12.9783692, 77.6408356]"
401,Sokd,Sokd,iyiuahsij4t8u,7981289883,sofk,Bangalore,Karnataka,560038,jkhkmks,7981289883,1,1,True,False,"[12.9715987, 77.5945627]"
402,HAPPYTIZERS PRIVATE LIMITED,HAPPYTIZERS PRIVATE LIMITED,29AAECH4507N1Z8,8892475066,"54/2,SINGASANDRA,BEGUR HOBLI,HOSUR ROAD,St Theresa of Child Jesus church Road Near Dalmia cement Depot singsandra,Bommanahalli, Karnataka-560068",Bangalore,Karnataka,560068,HAPPYTIZERS PRIVATE LIMITED,89898989898,TPv109,TPv109,True,True,"[12.8794304, 77.64824519999999]"
403,SNITCH WO,SNITCH WO,29AACFZ1901F1ZB,8023901857,"No. 43/2, Anjaneya Swamy Temple Road, Sri Balaji Hemanna Layout, Kattigenahalli, Yelhanka, Bengaluru",Bangalore,Karnataka,560064,Shalvin,8023901857,147,147,True,False,"[13.0062992, 77.6002575]"
405,GOOD MEMORIES PRIVATE LIMITED,GOOD MEMORIES PRIVATE LIMITED,29AAICG9411G1ZF,8618795003,"No. 383/31, The State Plate, Near Kempamma Temple, Hulimavu Main Road, Bangalore, 560076 , Karnataka",Bangalore,Karnataka,560076,GOOD MEMORIES PRIVATE LIMITED,89898989898,TPv109,TPv109,True,True,"[12.8797384, 77.60540639999999]"
409,Earthy Essence LLP,Earthy Essence LLP,29AAIFE1584D1ZF,9945691181,"#60 Meera Sadan, 1st Main Road, Seshadripuram, Bangalore, 560020",Bangalore,Karnataka,560020,Earthy Essence LLP,89898989898,TPv109,TPv109,True,True,"[12.9924657, 77.575638]"
433,Peping,Peping,29AAMCP1217D1ZK,9071119367,"62/1, New No 7, 1st Cross, 2nd Main Ganganagar",Bangalore,Karnataka,560032,Peping,89898989898,TPv119,TPv119,True,True,"[13.0205848, 77.5886738]"
453,fevoi,fevoi,fevoi,9867887878,rgteger,Bangalore,Karnataka,560039,fevoi,89898989898,TPc1,TPc1,True,True,"[12.9445624, 77.52529969999999]"
448,LilGoodness,LilGoodness,29AAECH4507N1Z8,8892475066,"54/2,SINGASANDRA,BEGUR HOBLI,HOSUR ROAD,St Theresa of Child Jesus church Road Near Dalmia cement Depot singsandra,Bommanahalli",Bangalore,Karnataka,560068,LilGoodness,8892475066,119,119,True,False,"[12.8794304, 77.64824519999999]"
452,fevoi,fevoi,fevoi,9309908490,fevoi,Bangalore,Karnataka,560039,fevoi,89898989898,TPv1,TPv1,True,True,"[12.9445624, 77.52529969999999]"
457,Alt Co HQ,Alt Co HQ,29AADCW0311J1ZG,9686342620,"No.2, 4th Main Road, Sadashivanagar, Bangalore ",Bangalore,Karnataka,560080,Alt Co HQ,89898989898,TPv118,TPv118,True,True,"[12.9996798, 77.57802389999999]"
460,SPARIFY WH,SPARIFY WH,ABC123456789XYZ,8105003848,"8th cross road , vinayak nagar , bsk1st stage, near vidyapeetha circle",Bangalore,Karnataka,560050,SPARIFY,8105003848,171,171,True,False,"[12.9353577, 77.5573947]"
1304,TESTWH,TESTWH,26354127647234234,6235762342,Banglore,Bangalore,Karnataka,560043,TESTWH,89898989898,TPv279,TPv279,True,True,"[13.0206268, 77.64788519999999]"
721,Hilt Brands India Private Limited,Hilt Brands India Private Limited,29AAECH9371C1ZF,9972634115,"#1489, 5th Cross, 29th Main Rd, Stage 2, BTM Layout",Bangalore,Karnataka,560076,premal,9972634115,139,139,True,False,"[12.9102972, 77.61443589999999]"
1412,Fam,Fam,7899809890809809,8768878979,Fam,Bangalore,Karnataka,560056,Fam,8768878979,1,1,True,False,"[12.9514678, 77.492145]"
1049,home_test_2,home_test_2,Sample,9999999999,Sample address,Bangalore,Karnataka,110037,Ruksar,9999999999,1,GS,True,True,"[12.9715987, 77.5945627]"
466,Science of Him Warehouse,Science of Him Warehouse,36AAUCA6110A1Z0,9640700020,"TVSSCL, Plot No. 86, Karalur village, kasaba hobli, Bangalore- 560067",Bangalore,Karnataka,560067,Kanishk Budhori,9640700020,109,109,True,False,"[12.9356372, 77.57615609999999]"
710,Anchita WE,Anchita WE,29AAHCN8213G1ZB,9903555557,#31; 2nd B cross; 29th main; old Madiwala; BTM 1st Stage; Near AXA building,Bangalore,Karnataka,560068,Anchita,9903555557,175,175,True,False,"[12.9163382, 77.6151897]"
1305,WMS,WMS,9849689859934895845,9898649858,WMS,Bangalore,Karnataka,560039,WMS,9898649858,1,1,True,False,"[12.9445624, 77.52529969999999]"
711,BLRWS Saveo,BLRWS Saveo,29ABCCS1391Q1ZN,8867945166,"79/ 2  New Timber Yard Layout, Mysore Road",Bangalore,Karnataka,560026,Chayapathi,8867945166,105,105,True,False,"[12.947069, 77.55027199999999]"
714,"Muntjac Inc, #9, 1st Cross, ","Muntjac Inc, #9, 1st Cross, ",*,9035811658,"vinayaka nagar , HSR Layout 6th sector",Bangalore,Karnataka,560068,Rajesh,9035811658,166,166,True,False,"[12.9134657, 77.6265846]"
722,bhjghjj,bhjghjj,79787876767687678,8786876876,bhjghjj,Bangalore,Karnataka,560049,bhjghjj,8786876876,1,1,True,False,"[13.0222936, 77.7132065]"
1306,WMS,WMS,89498598395939,8437589793,WMS,Bangalore,Karnataka,560049,WMS,89898989898,TPv1,TPv1,True,True,"[13.0222936, 77.7132065]"
533,Mecraaz BLR,Mecraaz BLR,01AAMCM9880F1Z8,6366233839,"No. 1317, Manushri Homes, office No-2, D Block, AECS Layout, Brookefield, Bangalore, Karnataka, 560037",Bangalore,Karnataka,560037,"Lovish,Anand",6366233839,109,109,True,False,"[12.9622619, 77.71217349999999]"
718,Newadd,Newadd,09899789789798,9878978787,Newadd,Bangalore,Karnataka,560039,Newadd,9878978787,1,1,True,False,"[12.9445624, 77.52529969999999]"
723,bhjghjj,bhjghjj,9089789789798797,9889789789,bhjghjj,Bangalore,Karnataka,560039,bhjghjj,89898989898,TPv1,TPv1,True,True,"[12.9445624, 77.52529969999999]"
608,Himalayan Natives,Himalayan Natives,29AAFCK9270L1ZU,8660437143,"Plot 3, Puttappa Industrial Estate Main Rd, Mahadevapura, Whitefield Road",Bangalore,Karnataka,560066,Madan,8660437143,172,172,True,False,"[12.995863, 77.6910408]"
563,LoveKaapi Warehouse,LoveKaapi Warehouse,29AFHPN6990G1ZU,7019585287,"Dayashree, Tilak Park Road, Chikmaglur 577101",Bangalore,Karnataka,577101,Supriya Nayak,7019585287,109,109,True,False,"[13.3161441, 75.7720439]"
564,The Summer House Warehouse,The Summer House Warehouse,29AAZCS7112H1ZQ,7892525916,"Summerrays lifestyle pvt ltd, 4025/26, 6th cross, 7th block west, KR road, Jayanagar Bangalore 560070",Bangalore,Karnataka,560070,Swathi,7892525916,109,109,True,False,"[12.9009494, 77.5642807]"
705,BLRFC4,BLRFC4,ABCDE1234567890,7572887334,Dummy_2,Bangalore,Karnataka,560026,Vinayak,7572887334,178,178,True,False,"[12.9565222, 77.5483533]"
581,Lemmebe Bangalore,Lemmebe Bangalore,29AANCM9691F1ZO,9689634352,"Atmos Care Pvt Ltd., Survey No. 12, Aduru Village, Byrathi Avalahalli Main Road, Bidarahalli (Hobli), Virgonagar Post, Bengaluru",Bangalore,Karnataka,560049,Miraigirls Pvt. Ltd.,9689634352,172,172,True,False,"[13.0556098, 77.70805899999999]"
585,CureByDesign Bengaluru,CureByDesign Bengaluru,29AAICC7053Q1ZW,9620583181,"102, 11/1, PRESTIGE CLARKEWOODS, opp. Richards Park, Richards Town, Bengaluru, Karnataka",Bangalore,Karnataka,560005,Icahro(OPC) Pvt Ltd,9620583181,172,172,True,False,"[13.004619, 77.61748419999999]"
590,Birdsong Bengaluru,Birdsong Bengaluru,29AAJCB7337H1ZC,9626249655,"195, 4th Cross Road, 18th A Main Rd, 6th Block, Koramangala, Bengaluru, Karnataka",Bangalore,Karnataka,560095,The Birdsong Life Pvt.Ltd.,9626249655,172,172,True,False,"[12.9385713, 77.620948]"
597,BwA,BwA,97989890u80,6786798789,BwA,Bangalore,Karnataka,560028,BwA,6786798789,1,1,True,False,"[12.9334815, 77.56910640000001]"
598,Bwa,Bwa,098978978768768,9087897876,Bwa,Bangalore,Karnataka,560039,Bwa,89898989898,TPv1,TPv1,True,True,"[12.9445624, 77.52529969999999]"
600,KW,KW,789789798798789798789789889,8979878978,KW,Bangalore,Karnataka,560038,KWded,8979878978,1,1,True,False,"[12.9783459, 77.64078669999999]"
602,KW,KW,8768788687jhgjhg,7897897897,KW,Bangalore,Karnataka,560039,KW,89898989898,TPc1,TPc1,True,True,"[12.9445624, 77.52529969999999]"
606,Dogs Chew Bengaluru,Dogs Chew Bengaluru,29AAFCK9270L1ZU,8660437143,"Plot 3, Puttappa Industrial Estate Main Rd, Mahadevapura, Whitefield Road, Bengaluru, Karnataka",Bangalore,Karnataka,560066,Madan,8660437143,172,172,True,False,"[12.995863, 77.6910408]"
779,TESTQA,TESTQA,342343545465456,34234,Banglore,Bangalore,Karnataka,560034,test,34234,TPv199,TPv199,True,True,"[12.9261382, 77.62210910000002]"
784,QA,QA,143453256435612,2334,HJSDFSF,Bangalore,Karnataka,560032,WDASD,2334,203,203,True,False,"[13.0297992, 77.6047037]"
611,TagZ Bengaluru,TagZ Bengaluru,29AAACQ6195K1ZT,9133330484,"Sy no-02, 2nd cross shubhayoga twon ship, Angalapura village Near Sai Baba temple Bangaore",Bangalore,Karnataka,562149,Avinash,9133330484,172,172,True,False,"[13.030827, 77.65368099999999]"
613,Amey Jogupalya,Amey Jogupalya,absase1231,7289802525,"Flat No. 7, 13, 1st cross Jogupalya, Road, Halasuru, Bengaluru, Karnataka 560008",Bangalore,Karnataka,560008,Palak,7289802525,1,1,True,False,"[12.9803843, 77.6251748]"
1308,WMSO,WMSO,987987987498798,95969968564574,WMSO,Bangalore,Karnataka,560078,WMSO,95969968564574,1,1,True,False,"[12.898773, 77.5764094]"
823,sdfs,sdfs,232435454564646,45646,fdgd,Bangalore,Karnataka,560043,dfgdg,45646,TPv216,TPv216,True,True,"[13.0206268, 77.64788519999999]"
962,sat,sat,sat,9879877868,sat,Bangalore,Karnataka,560047,sat,9879877868,1,1,True,False,"[12.9536792, 77.61762480000002]"
1354,RR BHARTIYA CITY,RR BHARTIYA CITY,29AADCR8915M1ZP,6363372680,"RARE RABBIT, UNIT NO.30G, GROUND FLOOR, BHARTIYA MALL OF BENGALURU, BHARTIYA CITY, THANISANDRA MAIN ROAD, BENGALURU, KARNATAKA",Bangalore,Karnataka,560064,NANDAN,6363372680,306,306,True,False,"[13.0834281, 77.64334579999999]"
1414,lkl,lkl,87989098098098098,8787987899,klmklm,Bangalore,Karnataka,560056,lkl,89898989898,TPv1,TPv1,True,True,"[12.9514678, 77.492145]"
1428,RK,RK,87268732987398290,8178738928,RK,Bangalore,Karnataka,560034,RK,8178738928,1,1,True,False,"[12.9261382, 77.62210910000002]"
1272,TEst,TEst,12333,9283983789,TEst,Bangalore,Karnataka,560039,TEst,89898989898,TPv1,TPv1,True,True,"[12.9445624, 77.52529969999999]"
780,DM,DM,64564364634535,9898978978,DM,Bangalore,Karnataka,560039,DM,9898978978,1,1,True,False,"[12.9445624, 77.52529969999999]"
1309,WMSO,WMSO,498948398989385,958985948598495,WMSO,Bangalore,Karnataka,560038,WMSO,958985948598495,TPv1,TPv1,True,True,"[12.9783459, 77.64078669999999]"
1339,Prodtestqa,Prodtestqa,387481749817489,8768368127389123,Prodtestqa,Bangalore,Karnataka,560035,Prodtestqa,8768368127389123,1,1,True,False,"[12.9048022, 77.6821069]"
1580,Saiyam House,Saiyam House,07AAGFF2194N1Z1,9582284064,"Prerna Verma 526,16th main sector 4 hsr layout Bangalore",Bangalore,Karnataka,560102,Prerna Verma,9582284064,1,1,True,False,"[12.9138483, 77.64169179999999]"
1355,RR HSR BLR,RR HSR BLR,29AADCR8915M1ZP,6290867720,"UNIT 88, GF AND MEZZANINE FLOOR 27TH MAIN HOSUR AGARA EXTENSION 1ST SECTOR HSR LAYOUT, BENGALURU",Bangalore,Karnataka,560102,Sayantani,6290867720,306,306,True,False,"[12.9201274, 77.6516136]"
1369,GreenPledge Products Pvt. Ltd.,GreenPledge Products Pvt. Ltd.,29AAHCG8710B1ZQ,9901699797,"482, Ground floor, 2nd Main Rd, 2nd Stage, Hoysala Nagar, Indiranagar, Bangalore, KARNATAKA ",Bangalore,Karnataka,560038,Arogya Nathan,9901699797,312,312,True,False,"[12.9743352, 77.6368311]"
1374,Zero,Zero,829487982379482,82789492389482320,Zero,Bangalore,Karnataka,560030,Zero,82789492389482320,1,1,True,False,"[12.9441502, 77.607623]"
669,India Hemp Organic,India Hemp Organic,29AAFCH1886H1Z8,9731675994,"41/2, Castle Street Ashok Nagar",Bangalore,Karnataka,560025,Aharnish,9731675994,119,119,True,False,"[12.9668822, 77.60925979999999]"
651,Yogabar Warehouse,Yogabar Warehouse,29AAVCS4669R1ZT,9113988915,"Madanayakana Halli Village, Opp MNT Housing Society, Bangalore Rural, Karnataka - 562162",Bangalore,Karnataka,562162,Yoga Bar,9113988915,109,109,True,False,"[13.061743, 77.460689]"
646,UNBOTTLE Warehouse,UNBOTTLE Warehouse,29AABCU7414Q1ZO,8655443553,"201, Oxford House, Rustam Bagh Main Road, Kodihalli, Bangalore -560017",Bangalore,Karnataka,560017,Manish      ,8655443553,109,109,True,False,"[12.9560372, 77.6486437]"
1468,Source,Source,437985973475873,37826488237487230,Source,Bangalore,Karnataka,560035,Source,37826488237487230,TPv1,TPv1,True,True,"[12.9048022, 77.6821069]"
1508,RTR,RTR,342343243432423,6546456,TRYRTY,Bangalore,Karnataka,560043,GFDG,6546456,TPv368,TPv368,True,True,"[13.0206268, 77.64788519999999]"
758,Cocosutra,Cocosutra,29AACCW0399K1ZR,9916138263,"126/127/128, 5th Cross, Doddamma Layout, Hulimavu",Bangalore,Karnataka,560076,Pooja,9916138263,119,119,True,False,"[12.8790955, 77.5985604]"
1327,Just Lil Things Bangalore,Just Lil Things Bangalore,29AAECE2827L1ZV,9742440180,"Metha Chamber #26 5th cross S.S.I.Area Rajajinagar, Bangalore ,Karnataka,560010",Bangalore,Karnataka,560010,Anup N Mehta,9742440180,109,109,True,False,"[12.9897603, 77.5626949]"
1356,RSM BHARTIYA CITY,RSM BHARTIYA CITY,29AADCR8915M1ZP,7204304899,"RAREISM, UNIT NO.06 & 07G, GROUND FLOOR, BHARTIYA MALL OF BENGALURU, BHARTIYA CITY, THANISANDRA MAIN ROAD, BENGALURU, KARNATAKA",Bangalore,Karnataka,560064,Khasim,7204304899,306,306,True,False,"[13.0834281, 77.64334579999999]"
1340,Prodtestqa,Prodtestqa,876767868696998,784578927589735300,Prodtestqa,Bangalore,Karnataka,560034,Prodtestqa,784578927589735300,TPv1,TPv1,True,True,"[12.9261382, 77.62210910000002]"
511,Dr.Octo Blr,Dr.Octo Blr,29AAJCB7921P1ZX,9365534305,"Survey No. 100/4 ,Billankote Village,Sompura Hobli ,Nelamangala Taluk,Bangalore 562111",Bangalore,Karnataka,562111,Hemraj,9365534305,109,109,True,False,"[13.1969213, 77.27067079999999]"
1341,Prodtestqa,Prodtestqa,87289749823948984,9832748728,Prodtestqa,Bangalore,Karnataka,560038,Prodtestqa,89898989898,TPc1,TPc1,True,True,"[12.9783459, 77.64078669999999]"
1347,Jigni,Jigni,29AADCR8915M1ZP,9110834196,"314 315 316 317 318 319, GR FLOOR, JIGANI INDUSTRIAL AREA BOMMSANDARA, 
JIGANI LINK ROAD ANEKAL TALUK, 
Bengaluru,560105
Ph: 9110834196",Bangalore,Karnataka,560105,Rajiv ,9110834196,306,306,True,False,"[12.7856782, 77.63003049999999]"
471,Aomi Warehouse,Aomi Warehouse,29AABCI5172R1ZV,9980194997,"City Link Portal Pvt Ltd, Logitech park Plot No 7, Road No 10, EPIP Area Whitefield, Bengaluru, Karnataka560066",Bangalore,Karnataka,560066,Praveen,9980194997,109,109,True,False,"[12.9846262, 77.7272435]"
1357,RSM UB CITY BLR,RSM UB CITY BLR,29AADCR8915M1ZP,8317468031,"Rareism UB City, Shop No. FF114, 1st Floor Canberra Tower, UB City Vittal Mallya Road bangalore",Bangalore,Karnataka,560001,Divya,8317468031,306,306,True,False,"[12.9715987, 77.5945627]"
1364,gh,gh,23687278938928392,8723989239,gh,Bangalore,Karnataka,560038,gh,8723989239,1,1,True,False,"[12.9783459, 77.64078669999999]"
1661,Tru Vitals Bangalore,Tru Vitals Bangalore,NOGST,6363407643,"#86, N V Gardens, Near VIBGYOR School, Jayanti Nagar Main Road, Horamavn
Bangalore Karnataka IN 560043
",Bangalore,Karnataka,560043,Deepa,6363407643,376,376,True,False,"[13.0229725, 77.67010549999999]"
1370,"Holisol logistics pvt ltd, Plot no. 48 Road no. 3 ","Holisol logistics pvt ltd, Plot no. 48 Road no. 3 ",29AVTPM8712H1ZW,8871755430,"JIGANI Industrial area, 2nd Phase Anekal Taluk Bangalore ",Bangalore,Karnataka,562106,Shalu,8871755430,313,313,True,False,"[12.7856782, 77.63003049999999]"
1376,Zero,Zero,827398729830,8237897329,Zero,Bangalore,Karnataka,560039,Zero,89898989898,TPc1,TPc1,True,True,"[12.9445624, 77.52529969999999]"
778,Banglore,Banglore,232132434545465,2322,Indiranagar,Bangalore,Karnataka,560034,test,2322,199,199,True,False,"[12.9783692, 77.6408356]"
1342,MeltingPot,MeltingPot,NOGST,8762020202,Bangalore,Bangalore,Karnataka,560026,MeltingPot,89898989898,TPv137,TPv137,True,True,"[12.9565222, 77.5483533]"
1358,THOR INDIRANAGAR BLR,THOR INDIRANAGAR BLR,29AADCR8915M1ZP,7259383555,"Radhamani Textiles Pvt Ltd, (Rare rabbit & Rareism) Shop No.2,Ground Floor & First Floor,Muncipal No.268,100 feet,Indiranagar ( Defence Colony ) Bangalore
",Bangalore,Karnataka,560038,Abhishek,7259383555,306,306,True,False,"[12.9766094, 77.6435896]"
1345,VINTAGE,VINTAGE,29AJTPK8924F1ZK,9738115548,"Support No:- 9008027273,
NO 24C AND 24D 1ST PHASE KUMBALGODU  AREA KUMBALGODU  BEHIND PEPSI CO INDIA LTD ",Bangalore,Karnataka,560074,MOHIT,9738115548,302,302,True,False,"[12.8711973, 77.4427831]"
1415,uyui,uyui,878798789989,8787987899,df,Bangalore,Karnataka,560045,uyui,89898989898,TPc1,TPc1,True,True,"[13.0262152, 77.6199836]"
1469,Source,Source,86438578379498374,7834789732,Source,Bangalore,Karnataka,560045,Source,89898989898,TPc1,TPc1,True,True,"[13.0262152, 77.6199836]"
1407,Blitz Office,Blitz Office,NOGST,9131625473,"No. 677, 3rd Floor, 16th Main, 6th A Cross Rd, behind BDA Complex, Koramangala, Bengaluru, Karnataka 560034",Bangalore,Karnataka,560034,Amar,9131625473,42,42,True,False,"[12.9260437, 77.6329834]"
761,Strive,Strive,"29AAJCP4668H1ZU

",8792629321,"39-68, KMR Dual, 7th Main Road, Malleshpalya, Kaggadasapura,
 ",Bangalore,Karnataka,560075,Akshay,8792629321,119,119,True,False,"[12.9752654, 77.6742112]"
763,Megven-House,Megven-House,29AAPCM9587Q1ZW,8496852827,102 Embassy habitat  Vasanth Nagar,Bangalore,Karnataka,560051,Megha,8496852827,192,192,True,False,"[12.9946962, 77.5887963]"
765,Grow Simplee,Grow Simplee,sdnsgdfdgfhgfhf,8005521017,1075-I 12th Main 5th Cross Indiranagar,Bangalore,Karnataka,560008,Grow Simplee,89898989898,TPv174,TPv174,True,True,"[12.9701708, 77.6376721]"
767,Jogupalya BLR,Jogupalya BLR,asdasdasd,8005521017,"#13 Kallapa Mansion, Flat no. 7, Road 12G Main, Jogupallya",Bangalore,Karnataka,560008,Palak,8005521017,174,174,True,False,"[12.971866, 77.63185179999999]"
764,Test Warehouse GS1,Test Warehouse GS1,22AABCU9603R1ZT,9898989898,"1075-I, 5th Cross Rd, North, Appareddipalya, Indiranagar, Bengaluru",Bangalore,Karnataka,560038,Name Lastname,8989898989,1,1,True,False,"[12.9709509, 77.6384946]"
1349,BANASHANKARI,BANASHANKARI,29AADCR8915M1ZP,8310885207,"NO. 92/6 , KATRIGUPPE MAIN ROAD BSK III STAGE BBMP WARD NO.54, 2/6",Bangalore,Karnataka,560085,TAUSIF,8310885207,306,306,True,False,"[12.9269629, 77.5507269]"
1359,UB City,UB City,29AADCR8915M1ZP,9741044766,"Shop no: 102A  1st Floor ,UB CITY  Vittal Mallya Road Bengaluru ",Bangalore,Karnataka,560001,Rehan,9741044766,306,306,True,False,"[12.9715895, 77.5960585]"
1388,CHUMBAK DESIGN PVT LTD,CHUMBAK DESIGN PVT LTD,NOGST,9663485449,"New # 35 Doddanakkundi Indl Area, Hoodi Circle Kr Puram Village, Behind IFB Factory, Bangalore",Bangalore,Karnataka,560048,Manjunath MP,9663485449,317,317,True,False,"[12.992277, 77.716146]"
790,Self_Lagori,Self_Lagori,NO GST,9164215000,Bangalore,Bangalore,Karnataka,560008,Self_Lagori,89898989898,TPv181,TPv181,True,True,"[12.9819939, 77.6256131]"
798,Love Beauty & Planet Warehouse Bangalore,Love Beauty & Planet Warehouse Bangalore,27AAECJ1349N1Z8,9699418777,TVSSCL Plot No 86 Karalur villagekasaba hobli,Bangalore,Karnataka,560067,Parth Negi,9643404185,109,109,True,False,"[13.165214, 77.4092323]"
1350,BRIGADE ROAD,BRIGADE ROAD,29AADCR8915M1ZP,9738826414,"RARE RABBIT, NO. 199, GLENEND BUILDING, BRIGADE ROAD, BENGALURU- 560001",Bangalore,Karnataka,560001,TAUSIF,9738826414,306,306,True,False,"[12.9709913, 77.6068997]"
720,Lagorii_BLR,Lagorii_BLR,ABCDE1234567890,9164215000,"Urban Codes, 185/7 8Th F main road Jayanagar 3rd Block Bangalore, 560011,",Bangalore,Karnataka,560011,Jatin,9164215000,181,181,True,False,"[12.931744, 77.5833401]"
963,sat,sat,sat,9789687887,sat,Bangalore,Karnataka,560049,sat,89898989898,TPv1,TPv1,True,True,"[13.0222936, 77.7132065]"
1273,TEst,TEst,1234,9827187837,test,Bangalore,Karnataka,560039,Test,9827187837,1,1,True,False,"[12.9445624, 77.52529969999999]"
852,ds_blr_mtl,ds_blr_mtl,29AAPCM9587Q1ZW,9066859089,"89/1, Outer Ring Rd, Behind @home, Marathahalli Village, Marathahalli",Bangalore,Karnataka,560037,ds_blr_mtl,89898989898,TPv192,TPv192,True,True,"[12.9496157, 77.6983095]"
957,Addk06,Addk06,Addk06,9109809890,Addk06,Bangalore,Karnataka,560039,dhdhgfdhd,9109809890,1,1,True,False,"[12.9445624, 77.52529969999999]"
1351,Forum Mall,Forum Mall,29AADCR8915M1ZP,8073046690,"Rare rabbit, Store No.126, 1st Floor Forum Mall Kormangala, Bangalore",Bangalore,Karnataka,560095,ROBERT,8073046690,306,306,True,False,"[12.9346443, 77.61130399999999]"
855,karuna appartment,karuna appartment,1313989248,7701895752,karuna appartment ,Bangalore,Karnataka,560071,karuna appartment,89898989898,TPc1,TPc1,True,True,"[12.9651433, 77.6373486]"
1332,Cooft Bangalore,Cooft Bangalore,29AEDFS2322A1ZI,9742440180,"Mehta Chamber #26, 5th Cross, S.S.I.Area, Rajajinagra, Bangalore, Karnataka, India, 560010.",Bangalore,Karnataka,560010,Anup N Mehta,9742440180,109,109,True,False,"[12.9822336, 77.5572427]"
879,Mokobara Warehouse Bangalore,Mokobara Warehouse Bangalore,29AAMCM6112G1ZD,6383435428,"Glaucus Supply Chain Solutions, Hoskote, Chikkahullur",Bangalore,Karnataka,562114,Mani,6383435428,109,109,True,False,"[13.1053202, 77.8249403]"
889,IndieJewel Fashions Private Limited,IndieJewel Fashions Private Limited,29AAFCI2595G1Z9,8050050096,"Sy No7 Hosahalli, 1st 2nd 3rd 4th 5th, Laxmi Complex, 4th Block Bangalore, 
further extension of banashankari 6th stage, Bengaluru, Karnataka

",Bangalore,Karnataka,560062,IndieJewel Fashions Private Limited,89898989898,TPv100,TPv100,True,True,"[12.9304325, 77.5497613]"
893,Office_INGR,Office_INGR,1234567890,9131625473,"1075-I, 5th Cross Rd, North, Appareddipalya, Indiranagar, Bengaluru, Karnataka 560008",Bangalore,Karnataka,560008,Amarjit,9131625473,42,42,True,False,"[12.9709509, 77.6384946]"
896,Test Banagalore,Test Banagalore,NOGST,6391174227,Indiranagar,Bangalore,Karnataka,560008,NA,6391174227,92,92,True,False,"[12.9783692, 77.6408356]"
894,Priya Home,Priya Home,29AAKCG1796J1ZY,8088866986,"2143, DSR Lotus Towers, ITPL Main Road, near ""The Pallette"", Rajpalya, Hoodi",Bangalore,Karnataka,560048,Priya Barath,8088866986,230,230,True,False,"[12.9910024, 77.7224866]"
914,Seekho App Founder Home,Seekho App Founder Home,asdasdasfbnadf,9667520563,"B1,w1, 1003, Vasathi Avante Apartment
Rachenahallli Bengaluru 560064",Bangalore,Karnataka,560064,Keertay Agarwal,9667520563,174,174,True,False,"[13.0608184, 77.6222885]"
904,MINI INTERNATIONAL,MINI INTERNATIONAL,29ABCCS1391Q1ZN,9886091666,"NO.18,2ND AND 3RD FLOOR, POWER HOUSE,(BEHIND SBI) J.C. ROAD CROSS BANGALORE KARNATAKA",Bangalore,Karnataka,560002,MINI INTERNATIONAL,9886091666,105,105,True,False,"[13.0073281, 77.5837061]"
910,KAVITHA MEDISPARX,KAVITHA MEDISPARX,29ABCCS1391Q1ZN,7899704002,"7, Nehru Road Saint Thomas Town,ss arcade, Peace Layout, Kammanahalli,ARNATAKA",Bangalore,Karnataka,560084,KAVITHA MEDISPARX,7899704002,105,105,True,False,"[13.0142119, 77.6363365]"
913,Tejas pharma,Tejas pharma,29ABCCS1391Q1ZN,7995469020,"#1/18, 1st Main Road, Opposite Shanimahathma Temple,Doddabidarakallu Post, Nagasandra, Venugopal Nagar, Doddabidarakallu,KARNATAKA",Bangalore,Karnataka,560073,Tejas pharma,7995469020,105,105,True,False,"[13.0595781, 77.50979989999999]"
935,DS_MTH_BLR,DS_MTH_BLR,1234567890,9740728281,"89/1, Outer Ring Road, Marathali Villiage, Near Homes, Marathali",Bangalore,Karnataka,560037,Ravi,9740728281,42,42,True,False,"[12.9496157, 77.6983095]"
938,awb&kal,awb&kal,awb&kal,9789897897,"awb&kal, bANGALORE",Bangalore,Karnataka,560039,awb&kal,9789897897,1,1,True,False,"[12.9445624, 77.52529969999999]"
186,DMS_JIG_BLR,DMS_JIG_BLR,,9538232746,"Sy No. 72/1, 72/2, Khata No. 4221/588 Jigani Village Jigani Hobli, Anekal Taluk",Bangalore,Karnataka,560105,Saroj,9538232746,8,8,True,False,"[12.8077656, 77.6237416]"
944,Sproutlife Foods Private Limited,Sproutlife Foods Private Limited,29AAVCS4669R2ZS,9113988915,"Sproutlife India Foods Private Ltd, No.4426/115/2B, Ground Floor, K R Thimmaiah Estate, Doddabele Road,, Near Good Earth Orchard Villas, Opp. KSRTC Bus Dipot. Mysore Road, Kengeri, Bengaluru, 560101",Bangalore,Karnataka,560101,Sproutlife Foods Private Limited,89898989898,TPv109,TPv109,True,True,"[12.8996676, 77.4826837]"
960,addonok1,addonok1,678766576767575,675675675567456,addonok1,Bangalore,Karnataka,560047,addonok1,675675675567456,1,1,True,False,"[12.9536792, 77.61762480000002]"
965,sat1,sat1,876786767676768,9786786868768768000,sat1,Bangalore,Karnataka,560049,yygfygvjhbuhg,9786786868768768000,1,1,True,False,"[13.0222936, 77.7132065]"
966,sat1,sat1,565464656456456,7686767567575676000,sat1,Bangalore,Karnataka,560038,gffgerfefe,7686767567575676000,TPv1,TPv1,True,True,"[12.9783459, 77.64078669999999]"
969,Warehouse 1,Warehouse 1,18AABCU9603R1ZM,9952033,ram gali no 5 jaipur,Bangalore,Karnataka,560001,Rashmi,9952033,246,246,True,False,"[26.9124336, 75.7872709]"
986,Mimosa Warehouse Bangalore,Mimosa Warehouse Bangalore,29AADCK6782B1ZE,9739700607,"""New No-71,Old No.601,2 Nd Floor 1 St Main Road,(Dr .Rajkumar Road), 2 nd Block , Rajajinagar ,Land Mark :Opp to Tvs Show room,Above KTM show room
Bengalore - 560010""",Bangalore,Karnataka,560010,Vinod,9739700607,109,109,True,False,"[12.98226, 77.558537]"
1274,Test,Test,1234,9289718972,Test,Bangalore,Karnataka,560039,Test,89898989898,TPv1,TPv1,True,True,"[12.9445624, 77.52529969999999]"
992,Ethik Warehouse Bangalore,Ethik Warehouse Bangalore,29AAHCK1941N1Z2,9119029119,"No. 15, Ground Floor, 12th Block, 5th Main Rd, Kumarapark West, Bengaluru, Karnataka 560020",Bangalore,Karnataka,560020,Nikita,9119029119,109,109,True,False,"[12.9970915, 77.5839282]"
1318,Blitz Marathalli Mini,Blitz Marathalli Mini,TBA,7683863952,"Thimmareddy Building, Blitz Storage Unit, N, road, behind Damro Furniture Marathahalli, Marathahalli, Bengaluru, Karnataka 560037",Bangalore,Karnataka,560037,BIswojit Jena,7683863952,GS,GS,True,True,"[12.9496679, 77.6991354]"
997,Parista Foods,Parista Foods,29ABCFP5396B1Z2,9380954303,"No.7/7-1 & 7/8-1,2nd Main ,7th cross,Vittalanagar,Chamrajpet,Bangalore-560018",Bangalore,Karnataka,560018,Pradeep,9380954303,TPv251,TPv251,True,True,"[12.9886436, 77.5694832]"
1757,Anmol Home,Anmol Home,24AAACC1206D1ZM,7746033001,"House-1004, block-I, Akme Ballet , Chinappa layout, mahadevpura, Bangalore, karnataka - 560037",Bangalore,Karnataka,560037,Anmol,7746033001,42,42,True,False,"[12.9804532, 77.6920116]"
1027,GS BLR,GS BLR,NO GST,9740728281,Marathalli Bangaore,Bangalore,Karnataka,560037,Ravi,9740728281,109,109,True,False,"[12.9576298, 77.6972955]"
1041,Kindly_HSR,Kindly_HSR,NOGST,8880367846,"3rd Floor, 424, 27th Main Rd, Sector 2, 1st Sector, HSR Layout, Bengaluru, Karnataka",Bangalore,Karnataka,560102,Abhishek,8880367846,253,253,True,False,"[12.9178672, 77.6518296]"
1236,ed,ed,ed2324,9898789789,ed,Bangalore,Karnataka,560035,ed,9898789789,1,1,True,False,"[12.9048022, 77.6821069]"
1276,test1,test1,test1,9827832889,test1,Bangalore,Karnataka,560039,test1,9827832889,1,1,True,False,"[12.9445624, 77.52529969999999]"
1050,Peping-Chirag,Peping-Chirag,29AAMCP1217D1ZK,8861103384,"G66,Dimond district ,Old Airport Raod, HAL Old Airport Rd, ISRO Colony, Domlur",Bangalore,Karnataka,560008,Chirag,8861103384,119,119,True,False,"[12.9593548, 77.64341399999999]"
996,Parista Foods,Parista Foods,29ABCFP5396B1Z2,9380954303,"No.7/7-1  7/8-1,2nd Main ,7th cross,Vittalanagar,Chamrajpet,Bangalore-560018",Bangalore,Karnataka,560018,Pradeep,9380954303,251,251,True,False,"[12.9652401, 77.55541769999999]"
1056,Megven-House V1,Megven-House V1,29AAPCM9587Q1ZW,9820785282,"59, Palace Rd, Abshot Layout, Vasanth Nagar",Bangalore,Karnataka,560051,Megven-House V1,89898989898,TPv192,TPv192,True,True,"[12.9941234, 77.5882087]"
1061,onwms,onwms,onwms8490809480,9849894890489048,onwms,Bangalore,Karnataka,560039,onwms,9849894890489048,1,1,True,False,"[12.9445624, 77.52529969999999]"
1083,PURPLE HIPPIE Bangalore,PURPLE HIPPIE Bangalore,29ABICS0734P1ZQ,9945344463,"5, 5a, 64/2-14, 4th Cross, Sarakki Main Road
JP Nagar 1st Phase Bangalore Karnataka 560078 India",Bangalore,Karnataka,560078,C A ARUN,9945344463,109,109,True,False,"[12.914391, 77.57813]"
1091,Project Bandi Bangalore,Project Bandi Bangalore,29ARPBM5005D1Z6,7996640631,"""5AC-993, Katha No 5AC-993, in the layout formed by BDA, Bangalore, situated at
1St Block, Banasawadi Road, Layout, Hennur Road, Bangalore - 560043""",Bangalore,Karnataka,560043,Sagar,7996640631,109,109,True,False,"[13.0381467, 77.6480906]"
1093,Mild Strom Inc,Mild Strom Inc,29AESPU4309Q1ZC,7829285858,No.72 Rama Iyengar road V V Puram,Bangalore,Karnataka,560004,RAHUL,7829285858,267,267,True,False,"[12.9518711, 77.57864889999999]"
1094,MILD STROM INC,MILD STROM INC,29AESPU4309Q1ZC,7829285858,NO.72 Rama Iyengar Road V V Puram,Bangalore,Karnataka,560004,MILD STROM INC,89898989898,TPv267,TPv267,True,True,"[12.9518711, 77.57864889999999]"
1110,Marathalli Office,Marathalli Office,NOGST,9066859089,"89/1, Outer Ring Road, Marathahalli, Bangalore, Karnataka – 560037",Bangalore,Karnataka,560037,Biswojit,9066859089,109,109,True,False,"[12.9506453, 77.699589]"
1237,ed,ed,ed4234234,2434234234,ed,Bangalore,Karnataka,560046,ed,89898989898,TPv1,TPv1,True,True,"[13.0011645, 77.5995482]"
1367,frew,frew,3423423424,3242343242,edw,Bangalore,Karnataka,560034,fdsfs,3242343242,GS,GS,True,True,"[12.9261382, 77.62210910000002]"
1113,rbvfjbekjr,rbvfjbekjr,rbvfjbekjr,9893820980,rbvfjbekjr,Bangalore,Karnataka,560038,rbvfjbekjr,9893820980,1,1,True,False,"[12.9783459, 77.64078669999999]"
1114,rbvfjbekjr,rbvfjbekjr,rbvfjbekjr,9830298098,rbvfjbekjr,Bangalore,Karnataka,560039,rbvfjbekjr,89898989898,TPv1,TPv1,True,True,"[12.9445624, 77.52529969999999]"
1130,Blr_HSRLayout1,Blr_HSRLayout1,29AARCA6348M1ZT,8179707205,"2680, 31st Main, 13th Cross, Behind CPWD Quarters, Sector 1, HSR Layout",Bangalore,Karnataka,560102,Venkatesh,8179707205,271,271,True,False,"[12.9153826, 77.6540048]"
1238,ed,ed,ed21321313,982979879,ed,Bangalore,Karnataka,560038,ed,89898989898,TPc1,TPc1,True,True,"[12.9783459, 77.64078669999999]"
1390,Dummy,Dummy,989809809809809,7989898980980989,Dummy,Bangalore,Karnataka,560038,Dummy,7989898980980989,1,1,True,False,"[12.9783459, 77.64078669999999]"
1398,Test Warehouse,Test Warehouse,1100377808989,9999999999,Test Address,Bangalore,Karnataka,560037,Test SPOC,9999999999,112,112,True,False,"[12.9566294, 77.70468230000002]"
1150,POPclub HO,POPclub HO,No GST,9791012120,"Urban Vault HSR Layout 6/A-1, 6, 18th Cross Rd, Sector 3, HSR Layout, ",Bangalore,Karnataka,560102,POPclub HO,89898989898,TPv109,TPv109,True,True,"[12.9080075, 77.6441115]"
1177,Jodo Office,Jodo Office,NOGST,6363407643,Jodo Office,Bangalore,Karnataka,560008,Jodo Office,89898989898,TPv207,TPv207,True,True,"[12.9680748, 77.6411672]"
1198,V_test,V_test,ABCDE1234567890,7572887334,Yemalur,Bangalore,Karnataka,560037,Vinayak,7572887334,279,279,True,False,"[12.9446164, 77.6836756]"
1199,Bucks,Bucks,Bucks76726873,9839389343,Bucks,Bangalore,Karnataka,560035,Bucks,9839389343,1,1,True,False,"[12.9048022, 77.6821069]"
1200,Bucks,Bucks,Bucks7657632,8789748937,Bucks,Bangalore,Karnataka,560038,Bucks,89898989898,TPv1,TPv1,True,True,"[12.9783459, 77.64078669999999]"
1207,VS Mani & CO,VS Mani & CO,29AAICV4484C1Z1,9964484123,"6/1, 2nd floor, Kumara Park East, Bangalore",Bangalore,Karnataka,560001,VS Mani & CO,89898989898,TPv264,TPv264,True,True,"[12.9912753, 77.5812849]"
1209,BIGLILPEOPLE PRIVATE LIMITED Bangalore,BIGLILPEOPLE PRIVATE LIMITED Bangalore,29AALCB0679E1ZH,9611846611,"D2/103 Golden Palms, K.Narayanapura, near Kristu Jayanti College, Hennur",Bangalore,Karnataka,560077,Madhumita Khanduri,9611846611,109,109,True,False,"[13.0603514, 77.64190409999999]"
1193,The Craftsmen,The Craftsmen,29AARFT2369Q1ZZ,9727259858,"No. 14/15 / Flat No.B-208, Ambience Diva Apartment, Sarjapura Main Road, Ambalipura, Bengaluru, Bengaluru Urban, Karnataka, 560103",Bangalore,Karnataka,560103,Vishal Sabikhi,89898989898,TPv277,TPv277,True,True,"[12.9184055, 77.6718202]"
1220,VS Mani & Co. Bangalore,VS Mani & Co. Bangalore,29AAICV4484C1Z1,6361324898,6/1 2nd Floor North Park Road Kumara Park East Bangalore 560001,Bangalore,Karnataka,560001,Murali K,6361324898,109,109,True,False,"[12.9873772, 77.5802569]"
1239,Chi Sports Warehouse,Chi Sports Warehouse,29AAHCC7518D1ZM,8884212100,"#513, 16th Cross Rd, 2nd Stage, Indira Nagar II Stage, Hoysala Nagar, Indiranagar Bengaluru Karnataka ",Bangalore,Karnataka,560038,Chandra Shekar Raju,8884212100,281,281,True,False,"[12.9800608, 77.6351914]"
1266,PS,PS,239892809398928,90328093090223,PS,Bangalore,Karnataka,560049,jrhjjsiojds,90328093090223,TPv1,TPv1,True,True,"[13.0222936, 77.7132065]"
1241,hi Chocolaterie Private Limited,hi Chocolaterie Private Limited,29AAZCS8286J1Z0,9538713030,"Brigade MM, C21A, 2nd Floor, Krishna Rajendra Rd, C Block, 7th Block, Jayanagar",Bangalore,Karnataka,560082,hi Chocolaterie Private Limited,89898989898,TPv280,TPv280,True,True,"[12.9308386, 77.5735692]"
1247,Guduchi Ayurveda Bangalore,Guduchi Ayurveda Bangalore,29AAHCG6741N1ZY,9900638113,"Guduchi The Ayurvedism, #2, 3rd a cross, 2nd Block, HRBR Layout, Kammanahalli,Bangalore,Karnataka,560043",Bangalore,Karnataka,560043,Rakshith N,9900638113,109,109,True,False,"[12.9435542, 77.5851429]"
1252,CUTIEPAW,CUTIEPAW,AA2902230407377,7022234398,"5/1, 4th Cross Rd, DN Ramaiah Layout, Palace Guttahalli, Bengaluru, Karnataka, 560020",Bangalore,Karnataka,560020,Naeema Shaikh,7022234398,109,109,True,False,"[12.9966678, 77.5785908]"
1391,Dummy,Dummy,980980299895809,987898989998,Dummy,Bangalore,Karnataka,560056,Dummy,987898989998,TPv1,TPv1,True,True,"[12.9514678, 77.492145]"
1285,profile,profile,2738748278937982173,9872189738,profile,Bangalore,Karnataka,560039,profile,9872189738,1,1,True,False,"[12.9445624, 77.52529969999999]"
1286,profile,profile,9729879879373792,9289793872,profile,Bangalore,Karnataka,560038,profile,89898989898,TPv1,TPv1,True,True,"[12.9783459, 77.64078669999999]"
1289,Test,Test,8728738782222,8377389792,Test,Bangalore,Karnataka,560036,Test,89898989898,TPv109,TPv109,True,True,"[13.008385, 77.69600799999999]"
1295,SMV Warehouse,SMV Warehouse,29AASCA3641E1ZJ,9972195183,"Adhyat Solutions Pvt Ltd Ground Floor, 39 , SMV Cycles, Wind Tunnel Road, Murugeshpalya",Bangalore,Karnataka,560017,Sanjay,9972195183,295,295,True,False,"[12.9536669, 77.65269510000002]"
1292,Falcon Guest House (Lofe Foods),Falcon Guest House (Lofe Foods),29AAFCL2118N1Z8,9020589379,"Instrument Research Associates Pvt Ltd, GROUND FLOOR, 188, 119 ROOM NO 101, FALCON GUEST HOUSE, VINAYAKA LAYOUT, ELECTRONIC CITY PHASE 1, Doddathogur",Bangalore,Karnataka,560100,Noufal C P,9020589379,292,292,True,False,"[12.8499079, 77.6517217]"
1352,Lulu Bangalore,Lulu Bangalore,29AADCR8915M1ZP,9663389090,"""Global mall Bangalore (Lulu Bangalore)

Rare Rabbit,
Shop no. G-21, Upper Ground floor,
Global mall, No. 19/2, Part of CTS No. 2,
Mysore Deviation Road,
Gopalpura (Ward no 96)
Bangalore, Karnataka",Bangalore,Karnataka,560023,Mussadiq,9663389090,306,306,True,False,"[12.9715987, 77.5945627]"
1360,Rareism Forum Falcon City,Rareism Forum Falcon City,29AADCR8915M1ZP,8617662081,"Rareism, 2nd floor, forum falcon city, khanakpura road",Bangalore,Karnataka,560025,RIYA DEBNATH,8617662081,306,306,True,False,"[12.888713, 77.5633146]"
1084,VS Mani HO,VS Mani HO,29AAICV4484C1Z1,9731733396,"6, 1, 2nd floor, Kumara Park East, Bangalore",Bangalore,Karnataka,560001,Nishanth,9731733396,264,264,True,False,"[12.9912753, 77.5812849]"
4,BLR_WHF1,"94/3 Whitefield, Bangalore (WE)",,7824025882,"Survey No- 94/3 Koralur, Hoskotae TQ, Kasaba - Hubli , Koraluru Village, Bangalore - 560067, India",Bangalore,Karnataka,560067,Manoj,7824025882,GS,ARCHIVED,True,True,"[12.9881316, 77.78208819999999]"
1381,#10 10th cross ramson building 3rd floor near KFC ,#10 10th cross ramson building 3rd floor near KFC ,29AADCL8584G1ZZ,7019187736,"10A, 10th Cross, 1st stage, Peenya 3rd phase, Peenya",Bangalore,Karnataka,560058,Syed,7019187736,278,278,True,False,"[13.021113, 77.51177799999999]"
1476,HSR Layout,HSR Layout,NOGST,9945393620,"Shop No. 429, Ground floor, 27th Main Rd, PWD Quarters, 1st Sector, HSR Layout, Bengaluru, Karnataka",Bangalore,Karnataka,560102,Mohit,9945393620,273,273,True,False,"[12.9113768, 77.6518971]"
1496,Bhatiya City Mall,Bhatiya City Mall,NOGST,9611112928,"Unit no 14 (a) F, First Floor, Bhartiya City, Thanisandra Main Rd, Devin Paradise Enclave, Chokkanahalli village, ",Bangalore,Karnataka,560064,Raj Kumar,9611112928,273,273,True,False,"[13.081239, 77.633944]"
1465,"OXFORD HOUSE,","OXFORD HOUSE,",29AABCU7414Q1ZO,8655443553,"5TH Floor, 601 and 602, OXFORD HOUSE, RUSTAM BAGH ROAD, KODIHALLI,
Bengaluru Urban, Karnataka, 560017",Bangalore,Karnataka,560017,Manish ,8655443553,348,348,True,False,"[12.9560372, 77.6486437]"
1402,Shades of Spring,Shades of Spring,29AACCW2334C1ZL,9599589525,Test,Bangalore,Karnataka,560095,Nidhi Gupta,9599589525,325,325,True,False,"[12.9369154, 77.6407258]"
1426,NEWGS,NEWGS,1234566,9056940645,Banglore,Bangalore,Karnataka,560032,Ruksar,9056940645,1,1,True,False,"[13.0297992, 77.6047037]"
1429,RK,RK,8789279832932,9829389232,RK,Bangalore,Karnataka,560038,RK,89898989898,TPv1,TPv1,True,True,"[12.9783459, 77.64078669999999]"
1432,VEN0,VEN0,434556678990999,909897867656566,BLRE,Bangalore,Karnataka,560043,QA,909897867656566,TPv337,TPv337,True,True,"[13.198909, 77.7068926]"
1587,Melankin Sciences Pvt Ltd,Melankin Sciences Pvt Ltd,29AAQCM1938A1ZD,8618092453,"16051, Prestige Ferns Residency, Harlur Road",Bangalore,Karnataka,560102,Navya,8618092453,TPv392,TPv392,True,True,"[12.9031221, 77.66192370000002]"
1438,Laida BLR,Laida BLR,NOGST,8871755430,"Holisol logistics pvt ltd, Plot no. 48 Road no. 3
JIGANI Industrial area, 2nd Phase Anekal Taluk Bangalore",Bangalore,Karnataka,562106,Shalu,8871755430,313,313,True,False,"[12.780997, 77.6450327]"
1593,purplletest,purplletest,00000000000000000,9912121212,purplle_test,Bangalore,Karnataka,999991,deepak,9912121212,1,1,True,False,"[12.9715987, 77.5945627]"
1382,VS Mani Warehouse,VS Mani Warehouse,29AAICV4484C1Z1,9731733396,"No. 14, 1st Cross, Nehru Nagar, Seshadripuram, Bangalore",Bangalore,Karnataka,560020,Nishanth,9731733396,264,264,True,False,"[12.9870007, 77.5752457]"
1386,Achala Warehouse,Achala Warehouse,29AABCU4489K1ZN,9945393620,Holisol Logistics Pvt Ltd  24 Achala Nilaya Adur Village Bidrahalli Hobli Virgo Nagar Bengaluru Bengaluru Urban Karnataka,Bangalore,Karnataka,560049,Mohit G,9945393620,273,273,True,False,"[13.0549537, 77.7044578]"
1466,LK,LK,278163782683812,837872732832,LK,Bangalore,Karnataka,560045,dLK,837872732832,TPv1,TPv1,True,True,"[13.0262152, 77.6199836]"
1482,Leocym,Leocym,NOGST,9990012121,Leocym,Bangalore,Karnataka,560008,Leocym,89898989898,TPv318,TPv318,True,True,"[12.9819939, 77.6256131]"
1485,RK6,RK6,56464654654646456,4354345345,RK6,Bangalore,Karnataka,560036,RK6,4354345345,1,1,True,False,"[13.008385, 77.69600799999999]"
1523,SKC BLR,SKC BLR,NOGST,9740728281,"89/1, Outer Ring Rd, Behind @home, Marathahalli Village, Marathahalli, Bengaluru, Karnataka ",Bangalore,Karnataka,560037,Ravi,9740728281,365,365,True,False,"[12.9496157, 77.6983095]"
872,DSLR Technology Pvt. Ltd - Bangalore,DSLR Technology Pvt. Ltd - Bangalore,29AAICD8542R1ZP,9521412604,"IndiQube Edge, Ground Floor, DSLR Technology Pvt. Ltd, Beside Third Wave Coffee, Bellandur",Bangalore,Karnataka,560103,Anik,9521412604,212,212,True,False,"[12.9221877, 77.66928949999999]"
1578,Priya Home,Priya Home,NOGST,6363407643,Priya Home,Bangalore,Karnataka,560008,Deepa,89898989898,TPc230,TPc230,True,True,"[12.9796982, 77.5549661]"
1533,Harsh Sharma,Harsh Sharma,NA,9591741100,"W4-207, BREN IMPERIA, 15 MAIN, SHUBH ENCLAVE, HARLUR ROAD,",Bangalore,Karnataka,560102,HARSH SHARMA,89898989898,TPc165,TPc165,True,True,"[12.9073341, 77.6709264]"
2043,Intellihealth solutions pvt ltd ,Intellihealth solutions pvt ltd ,27AAFCI1595L1Z4,9742468006,"1st Floor, Khata No. 117/1, 118/1, Village Pantharapalya, Nayandahalli, Mysore road, kengeri taluk, Bangalore, 560039",Bangalore,Karnataka,560039,Farooque ,9742468006,449,449,True,False,"[12.9413747, 77.5250279]"
1192,The Craftsmen,The Craftsmen,29AARFT2369Q1ZZ,9727259858,"No. 14/15 / Flat No.B-208, Ambience Diva Apartment, Sarjapura Main Road, Ambalipura, Bengaluru, Bengaluru Urban, Karnataka,",Bangalore,Karnataka,560103,Vishal Sabikhi,9727259858,277,277,True,False,"[12.9184055, 77.6718202]"
1559,Daily Nutrition,Daily Nutrition,29CKAPR7469A1ZW,9110836453,"2291 1ST FLOOR, 16TH CROSS ROAD VANGANAHALLI
1ST SECTOR, HSR Layout, Bengaluru, Bengaluru Urban,
Karnataka.",Bangalore,Karnataka,560102,Dinesh,9110836453,384,384,True,False,"[12.9124796, 77.6478224]"
1563,Krishna BLR,Krishna BLR,29ABWPD8809M1ZQ,9448570649,"#1307/17/1,4th Cross, Near Shree Rama Temple,
Ashok Nagar, BSK 1st Stage, Bengaluru
560050",Bangalore,Karnataka,560050,Vimal Jain,9448570649,351,351,True,False,"[12.9384787, 77.5633186]"
1594,deepak,deepak,0000000000,1234567890,deepak,Bangalore,Karnataka,999991,deepak,1234567890,1,1,True,False,"[12.9715987, 77.5945627]"
1606,Amazon BLR8,Amazon BLR8,NA,1234567890,BLR8 - Building 2 (Wh 2) Plot no. 12/P2 (ITSector) 562149 - Bengaluru,Bangalore,Karnataka,562149,Amazon,89898989898,TPc150,TPc150,True,True,"[12.959568, 77.74658010000002]"
1611,Chumbak Begur,Chumbak Begur,NOGST,9663485449,"Chumbak Design Private Limited. SY No. 98/2, Adur Village, Hobli, Bidarahalli, Behind Prestige Augusta Golf Village, Begur",Bangalore,Karnataka,560049,Manjunath,9663485449,317,317,True,False,"[41.9535511, 3.2025608]"
1618,Japani Tel international,Japani Tel international,fvdsektbnwestbpwt45,7572887334,Japani Tel international,Bangalore,Karnataka,560029,lalllalalala,7572887334,393,393,True,False,"[12.9715987, 77.5945627]"
1619,Hiroshima oil company,Hiroshima oil company,asfgebwetgwrb,7572887334,jbhfvearv,Bangalore,Karnataka,560037,lalalalalalala,89898989898,TPv393,TPv393,True,True,"[12.9566294, 77.70468230000002]"
1620,HSR WH,HSR WH,NOGST,7755057949,"255, 15th main sector 3 hsr bangalore 560102",Bangalore,Karnataka,560102,Saiyam Surana,7755057949,42,42,True,False,"[12.9112349, 77.6421096]"
1623,Bangalore ANS,Bangalore ANS,NOGST,7982813802,"ANS DIGITAL PRIVATE LIMITED #86, N V Gardens, Near VIBGYOR School, Jayanti Nagar Main Road, Horamavn, Bangalore",Bangalore,Karnataka,560043,Rajat,7982813802,376,376,True,False,"[13.0254158, 77.6677244]"
1628,TGS Bangalore Warehouse (HQ),TGS Bangalore Warehouse (HQ),29AAGCK9099J1ZM,9972582649,"No. 22/5, 2nd floor, 4th cross, NR road",Bangalore,Karnataka,560002,Praveen,9972582649,395,395,True,False,"[12.9633826, 77.5795608]"
1633,Secretwish BLR,Secretwish BLR,NOGST  ,7982813802,Survey 86 N V Gardens Near Vibgyor School Jayanti Nagar Main Road Horamavu,Bangalore,Karnataka,560043,Rajat,7982813802,376,376,True,False,"[13.0229725, 77.67010549999999]"
1636,SJMansion,SJMansion,----,9572895110,"201, 2nd Floor, S J Mansion, 21, Gayathri Layout, Kasavahalli, Sarjapur - Marathahalli Rd, Sarjapura",Bangalore,Karnataka,560035,Gaurav,9572895110,1,1,True,False,"[12.9105302, 77.6801426]"
1639,GIVA Bangalore,GIVA Bangalore,NOGST,9148984005,"Sy No7 Hosahalli, 1st 2nd 3rd 4th 5th, Laxmi Complex, 4th Block Bangalore, further extension of banashankari 6th stage, Bengaluru, Karnataka, 560062, Raghuvanahalli,, 560062, Bangalore, Karnataka",Bangalore,Karnataka,560062,Vaibhav,9148984005,381,381,True,False,"[12.9330888, 77.53949490000001]"
1642,Fermedicius Labs Pvt Ltd,Fermedicius Labs Pvt Ltd,36AANCM5162B1ZJ,9591172007,"Fermedicius Labs Pvt. Ltd.
Survey No.78/1, Begur-koppa Road, 
Hullahalli Village
Behind Christ Academy
BENGALURU, KARNATAKA 560083
Phone number: 9591172007",Bangalore,Karnataka,560083,Fermedicius Labs,89898989898,TPv359,TPv359,True,True,"[12.8613262, 77.61321219999999]"
1406,SoS Bangalore,SoS Bangalore,29AACCW2334C1ZL,8217016435,"Shades of Spring in Bangalore NO-151, I B MAIN, opp. to LAKSHMI MEDICALS, Koramangala 8th Block",Bangalore,Karnataka,560095,Surup,8217016435,325,325,True,False,"[12.9406624, 77.6183523]"
1654,6045796220,6045796220,NOGST,9741161674,"Increff Bangalore : DTM Road 153/3, Bidrahalli Village Bidrahalli Hobli, Virgonagara Post,",Bangalore,Karnataka,560049,Srinivas,9741161674,389,389,True,False,"[13.0612934, 77.71625619999999]"
1657,Printo Bangalore,Printo Bangalore,NOGST,9449410338,"BLR - Printo : Printo BLR Hub No. 320/3/5, Siddappa Layout,, 1st Main, Bommanahalli,, Bangalore, Karnataka., BANGALORE, KARNATAKA Bangalore Karnataka 560068",Bangalore,Karnataka,560068,Printo,9449410338,381,381,True,False,"[12.9087464, 77.626426]"
1670,Designer BLR,Designer BLR,NOGST,7982813802,"Survey 86, N V Gardens, Near VIBGYOR School, Jayanti Nagar, Main Road, Horamavu, Bangalore Rural",Bangalore,Karnataka,560043,Rajat,7982813802,376,376,True,False,"[13.0254158, 77.6677244]"
1687,Ketch Bangalore 1,Ketch Bangalore 1,NOGST,9354055695,"BRAND STUDIO LIFESTYLE PVT.LTD Block No. 1,Sy.No.18, Bandk Logistics Park Kasaba Hobli, Kumbarnahalli Bangalore South, KARNATAKA",Bangalore,Karnataka,562106,Naveen,9354055695,381,381,True,False,"[12.9333767, 77.5963271]"
1688,Ketch Bangalore 2,Ketch Bangalore 2,NOGST,8861930884,"SY No.330/B,324,331,331/B,331/1 and 334/1, MARASUR VILLAGE, KASABA HOBLI, ANEKAL TALUK, Bengaluru, 562106",Bangalore,Karnataka,562106,Ketch,8861930884,381,381,True,False,"[13.165214, 77.4092323]"
1692,Mensa _ BLR Central WH	,Mensa _ BLR Central WH	,29AAHCT1518N1ZW,8867779652,"Sakalavara village, Jigani Hobli, Anekal Taluk, Off, Bannerghatta Main Rd",Bangalore,Karnataka,560083,Dheeraj,8867779652,402,402,True,False,"[12.8410082, 77.5960809]"
1698,Ankita Diamond,Ankita Diamond,894829002340,9611108331,"B-24, Diamond District, Old Airport Road",Bangalore,Karnataka,560008,Ankita,89898989898,TPv1,TPv1,True,True,"[12.9593548, 77.64341399999999]"
1701,Ankita Diamon,Ankita Diamon,8391838391,9611108331,"B24, Diamond District, Old Airport Road, Bangalore ",Bangalore,Karnataka,560008,Ankita,9611108331,1,1,True,False,"[12.9593548, 77.64341399999999]"
1710,Elitty BLR,Elitty BLR,NOGST,7982813802,"ANALEMMA COMMERCE PRIVATE LIMITED #86, N V Gardens, Near VIBGYOR School, Jayanti Nagar Main Road, Horamavu",Bangalore,Karnataka,560043,Rajat,7982813802,376,376,True,False,"[13.0254158, 77.6677244]"
1712,Apollo Bangalore,Apollo Bangalore,NOGST,9945551507,Apollo Pharmacy 13 2  2nd Floor  IHX Building  Hosur Road  Singasandra  Bangalore   560068,Bangalore,Karnataka,560068,NA,9945551507,381,381,True,False,"[12.8809446, 77.64538809999999]"
1722,Apollo Hosur,Apollo Hosur,NOGST,9945551507,Apollo Pharmacy 13/2  2nd Floor  IHX Building  Hosur Road  Singasandra  Bangalore - 560068,Bangalore,Karnataka,560068,Apollo Hosur,9945551507,381,381,True,False,"[12.8809446, 77.64538809999999]"
1723,Apollo Wilson,Apollo Wilson,NOGST,7760393924,"Plot # 7, Door No : 62-108-7, 1st Floor, Opp Corporation, Wilson Garden, Bangalore - 560027",Bangalore,Karnataka,560027,Apollo Wilson,7760393924,381,381,True,False,"[12.9013945, 77.55544069999999]"
1725,Snitch Yelahanka,Snitch Yelahanka,NOGST,9620028650,"Snitch Apparels Pvt Ltd No. 43/2, Anjaneya Swamy Temple Road, Sri Balaji Hemanna Layout, Kattigenahalli, Yelhanka",Bangalore,Karnataka,560064,Shikha,9620028650,381,381,True,False,"[13.0062992, 77.6002575]"
1728,Deepa Bangalore,Deepa Bangalore,NOGST,7204691737,"213, 3rd main road, Vyalikaval, Kodandaramapura, Bangalore",Bangalore,Karnataka,560003,Deepa,7204691737,42,42,True,False,"[13.0034501, 77.5776806]"
1730,Sanket ITI,Sanket ITI,no gst,7737552369,"Building no. 832, Flat no. 202, 2nd Floor, 11th main, 7th cross, ITI Layout ",Bangalore,Karnataka,560068,Sanket,7737552369,42,42,True,False,"[12.8976581, 77.6400565]"
1731,Anubhava BLR,Anubhava BLR,NOGST,6363407643,"Survey No 78/10, A2, Bellary Rd, Chikkajala, Bengaluru, Karnataka 562157",Bangalore,Karnataka,562157,Uttam,6363407643,332,332,True,False,"[13.169204, 77.63322509999999]"
1733,WH AKS HSR,WH AKS HSR,00000000000,7054114895,"S01, Second Floor, Vintage Regency Apartment, Second Cross, Hosapalya Main Road, ITI Layout",Bangalore,Karnataka,560068,Akshay,7054114895,42,42,True,False,"[12.8992043, 77.6449299]"
1754,"GIVA Store, shop no 1","GIVA Store, shop no 1",TBD,8288909892,"GIVA Store, shop no 1 building no 1",Bangalore,Karnataka,560062,Indiejewel Fashions Private Limited,8288909892,378,378,True,False,"[12.8833957, 77.54859359999999]"
809,Jodo Office,Jodo Office,29AAICB9286E1Z7,7795010470,"3rd Floor, Incubex INR4, 100 Feet Rd, Indiranagar, Bengaluru, Karnataka 560008",Bangalore,Karnataka,560008,Kalam,7795010470,207,207,True,False,"[12.9680826, 77.6411466]"
1742,"GIVA Jewellery, 3rd floor, Magnum Vista, Raghuvanahalli","GIVA Jewellery, 3rd floor, Magnum Vista, Raghuvanahalli",TBD,7009145595,"GIVA Jewellery, 3rd floor, Magnum Vista, Raghuvanahalli Opps KSIT College, above Bata Showeoom",Bangalore,Karnataka,560062,"GIVA Jewellery, 3rd floor, Magnum Vista, Raghuvanahalli",7009145595,378,378,True,False,"[12.8791753, 77.5457453]"
1743,Kormangala House,Kormangala House,xxx,9572895110,"136, 2nd Cross Rd, Jakasandra Block, Koramangala 3 Block, Koramangala, Bengaluru, Karnataka 560034",Bangalore,Karnataka,560034,Gaurav Piyush,9572895110,1,1,True,False,"[12.9282239, 77.63032020000001]"
1762,Saurabh Cox town,Saurabh Cox town,no gst,9004131808,"403, Krishna Pearls Apartment, Opposite Brunch n Bite, Ramakrishnappa Road, Cox Town Circle",Bangalore,Karnataka,560005,Saurabh Maheshwari,9004131808,42,42,True,False,"[12.9949176, 77.62402399999999]"
1763,Nicobar BIN,Nicobar BIN,29AAFCN6567R1ZD,9731893696,"961, 12th Main Road, HAL II Stage, Indiranagar, Municipal Ward No.72 of Domlur, Bangalore",Bangalore,Karnataka,560008,Nicobar BIN,9731893696,407,407,True,False,"[12.9699711, 77.64016629999999]"
1764,Nicobar BON,Nicobar BON,29AAFCN6567R1ZD,9731893696,"G-36 Lower, Orion Mall Brigade Gateway 26/1, 80 Feet Road_Dr. Rajkumar Road,Malleshwarm West",Bangalore,Karnataka,560055,Nicobar BON,9731893696,407,407,True,False,"[13.0114992, 77.5561457]"
1765,Nicobar BWN,Nicobar BWN,29AAFCN6567R1ZD,8448095479,"1st, Corporation No.  4 OLD NO7 PID No .76 24 4 , Walton Road, Corp. Div. No. 60 Civil Station",Bangalore,Karnataka,560001,Nicobar BWN,8448095479,407,407,True,False,"[12.9716199, 77.59788309999999]"
1787,TEST CUST,TEST CUST,232342343,9485093485,BLR,Bangalore,Karnataka,560032,PIC,89898989898,TPc1,TPc1,True,True,"[13.198909, 77.7068926]"
1801, BOMBAY PRIMERA ATTIRE LLP , BOMBAY PRIMERA ATTIRE LLP , 29AAUFB4291N1Z,6361170956,"Ground floor, No.17,18,21,22,Dr.B.R.Ambedkar Street 8th Main,1St Cross,Behind Alpine Apartments, Bommanahalli, Industrial Area Rd, Begur Hobli, Bengaluru, Karnataka",Bangalore,Karnataka,560068,Saravan,6361170956,414,414,True,False,"[12.9058279, 77.6289375]"
1813,"1307 17 1,4th Cross, Near Shree Rama Temple,","1307 17 1,4th Cross, Near Shree Rama Temple,",TBD,7019634200,"1307 17 1,4th Cross, Near Shree Rama Temple, Ashok Nagar, BSK 1st Stage, Bengaluru",Bangalore,Karnataka,560050,Rajputana Agrico,7019634200,381,381,True,False,"[12.938575, 77.565816]"
1786,test,test,NA,1234567890,test,Bangalore,Karnataka,560068,NA,1234567890,411,411,True,False,"[12.8892684, 77.63991]"
1821,PRX_Warehouse,PRX_Warehouse,29AAZCA4408J1Z2,8112270660,"10/8/8, K. no. 10&11, 1st Floor, 25th A Cross, 24th Main, Sector 2, HSR Layout, Bengaluru, Karnataka",Bangalore,Karnataka,560102,Mayank Kumar,8112270660,423,423,True,False,"[12.9071221, 77.64909449999999]"
1825,Ketch Bangalore 2,Ketch Bangalore 2,NA,8861930884,"SY No.330/B,324,331,331/B,331/1 and 334/1, MARASUR VILLAGE, KASABA HOBLI, ANEKAL TALUK, Bengaluru, 562106.",Bangalore,Karnataka,562106,POC,8861930884,411,411,True,False,"[12.7714421, 77.714183]"
1826,"SY No 330 B,324,331,331 B,331 1 and 334 1, MARASUR VILLAGE,","SY No 330 B,324,331,331 B,331 1 and 334 1, MARASUR VILLAGE,",TBD,8861930884,"SY No 330 B,324,331,331 B,331 1 and 334 1, MARASUR VILLAGE, KASABA HOBLI, ANEKAL TALUK, Bengaluru",Bangalore,Karnataka,562106,Brand Studio Lifestyle Pvt Ltd,8861930884,411,411,True,False,"[12.7714421, 77.714183]"
1827,"BRAND STUDIO LIFESTYLE PVT LTD Block No  1,Sy No 18","BRAND STUDIO LIFESTYLE PVT LTD Block No  1,Sy No 18",TBD,7975272997,"BRAND STUDIO LIFESTYLE PVT LTD Block No  1,Sy No 18 Bandk Logistics Park Kasaba Hobli, Kumbarnahalli Bangalore South, KARNATAKA",Bangalore,Karnataka,562106,Brand Studio Lifestyle Pvt Ltd,7975272997,411,411,True,False,"[12.9333767, 77.5963271]"
1828,"Sy No7 Hosahalli, 1st 2nd 3rd 4th 5th, Laxmi Complex, 4th Block Bangalore, further extension of banashankari 6th stage, Bengaluru, Karnataka, 560062","Sy No7 Hosahalli, 1st 2nd 3rd 4th 5th, Laxmi Complex, 4th Block Bangalore, further extension of banashankari 6th stage, Bengaluru, Karnataka, 560062",TBD,9019288165,"Sy No7 Hosahalli, 1st 2nd 3rd 4th 5th, Laxmi Complex, 4th Block Bangalore, further extension of banashankari 6th stage, Bengaluru, Karnataka, 560062 Raghuvanahalli,",Bangalore,Karnataka,560062,Indiejewel Fashions Private Limited,9019288165,411,411,True,False,"[12.9330888, 77.53949490000001]"
1834,"ANS Digital Pvt  Ltd   86, N V Gardens,","ANS Digital Pvt  Ltd   86, N V Gardens,",TBD,9769298556,"ANS Digital Pvt  Ltd   86, N V Gardens, Near VIBGYOR School, Jayanti Nagar Main Road, Horamavn, Bengaluru",Bangalore,Karnataka,560043,ZYWIE VENTURES PRIVATE LIMITED,9769298556,411,411,True,False,"[13.0254158, 77.6677244]"
2072,"Glaucus Supply Chain Solutions Pvt  Ltd  85 2, Koraluru","Glaucus Supply Chain Solutions Pvt  Ltd  85 2, Koraluru",TBD,9164293134,"Glaucus Supply Chain Solutions Pvt  Ltd  85 2, Koraluru Koraluru Railway gate, Bangalore rural  D  Bangalore  560067",Bangalore,Karnataka,560067,KEEV LIFESTYLES PRIVATE LIMITED,9164293134,381,381,True,False,"[12.9881316, 77.78208819999999]"
1847,"Test,444,Bangalore","Test,444,Bangalore",TBD,9582225335,"Test,444,Bangalore",Bangalore,Karnataka,560034,ABC,9582225335,418,418,True,False,"[12.9261382, 77.62210910000002]"
1863,"45 1,45 2, 46 1 to 46 11,47, 48 1 to 48 6, 49 1   49 2,  Thattanahalli Village, Kesaba Hobli,","45 1,45 2, 46 1 to 46 11,47, 48 1 to 48 6, 49 1   49 2,  Thattanahalli Village, Kesaba Hobli,",TBD,9620896785,"45 1,45 2, 46 1 to 46 11,47, 48 1 to 48 6, 49 1   49 2,  Thattanahalli Village, Kesaba Hobli, Anekal   Attibele Road Anekal Taluk, Bengaluru",Bangalore,Karnataka,562107,Levi Strauss India Private Limited,9620896785,411,411,True,False,"[12.7472619, 77.7073209]"
1885,BLRUgaoo,BLRUgaoo,29AACCU2262P1ZT,8793258534,sy no 59/3D2 CHEEMASANDRA BIDRAHALLI HOBLI NEAR NARAYANA COLLEGE VIRGONAGAR POST BANGALORE 560049 Karnataka ,Bangalore,Karnataka,560049,Mrunmayee Pawar,8793258534,433,433,True,False,"[13.0484328, 77.7375163]"
1982,Vaaree Warehouse,Vaaree Warehouse,29AAGCH1349L1Z8,7417421926,"#153/3 DTM road, Adur Village, Bidrahalli virgonagar post, Bengaluru, 560049",Bangalore,Karnataka,560049,Sumit,7417421926,436,436,True,False,"[13.057298, 77.69993649999999]"
1999,"Survey No 85,Koralur Village,NH 207","Survey No 85,Koralur Village,NH 207",TBD,7303889002,"Survey No 85,Koralur Village,NH 207 Kadugodi Post,Hosakote Taluka",Bangalore,Karnataka,560067,Imagine Marketing Limited.,7303889002,381,381,True,False,"[13.3026074, 77.5501506]"
2002,Varad Enterprises,Varad Enterprises,TBD,9999999999,test_billing Test Address,Bangalore,Karnataka,560034,Varad Enterprises,9999999999,1,1,True,False,"[12.9261382, 77.62210910000002]"
2004,Vobble office above whatascape,Vobble office above whatascape,29AAXCA3735A1ZJ,8050566617,56 1st cross 4th main road stage 2 domlur indiranagar 560071,Bangalore,Karnataka,560071,Vobble,89898989898,TPv327,TPv327,True,True,"[12.9626598, 77.6402456]"
2006,"Mensa Brand Technologies Pvt Ltd.
SVS Warehouse Tech,
Sakalavara village, Jigani Hobli, Anekal Taluk, Off, ","Mensa Brand Technologies Pvt Ltd.
SVS Warehouse Tech,
Sakalavara village, Jigani Hobli, Anekal Taluk, Off, ",29AAHCT1518N1ZW,9642532507,"Bannerghatta Main Rd, Bengaluru, Karnataka 560083",Bangalore,Karnataka,560083,Dheeraj,9642532507,441,441,True,False,"[12.8330445, 77.5891827]"
2008,"Mensa Brand Technologies Pvt Ltd.
SVS Warehouse Tech,
Sakalavara village, Jigani Hobli, Anekal Taluk, Off,","Mensa Brand Technologies Pvt Ltd.
SVS Warehouse Tech,
Sakalavara village, Jigani Hobli, Anekal Taluk, Off,",29AAHCV6099A1ZZ,9642532507," Bannerghatta Main Rd, Bengaluru, Karnataka 560083",Bangalore,Karnataka,560083,Dheeraj,9642532507,443,443,True,False,"[12.8330445, 77.5891827]"
2009,Vobble,Vobble,29AAXCA3735A1ZJ,9645610408,"56, 1st Cross, 4th Main Rd Domlur I Stage, Stage 2, Domlur, above what a scape, Indiranagar, Bengaluru, Karnataka 560071",Bangalore,Karnataka,560071,Nithin,9645610408,327,327,True,False,"[12.9626598, 77.6402456]"
2016,Bangalore Store,Bangalore Store,NO,9008084243,"100 Feet Road, No: 2008, Hal 2nd Stage, Indranagar, Urban Bangalore, Karnataka 560008",Bangalore,Karnataka,560008,Bangalore Store,9008084243,334,334,True,False,"[12.9648589, 77.641746]"
2021,Mantri Mall,Mantri Mall,Nogst,8867404980,"UGF17A, Mantri Square Mall, No 1 Sampige Road, Malleshwaram, Bengalore",Bangalore,Karnataka,560003,Mantri Mall,8867404980,334,334,True,False,"[12.9916302, 77.5711719]"
2028,Mensabrands Technologies Private Limited,Mensabrands Technologies Private Limited,29AATCS3223R2ZE,9642532507,"Wing 2, Phase- 1 K No 113 & 114, SVS Warehouse Tech, Bannerghatta Road, Sakalavara
Village, Bengaluru, Bengaluru Urban, Karnataka, 560083",Bangalore,Karnataka,560083,Dheeraj,9642532507,445,445,True,False,"[12.8222888, 77.59964219999999]"
1178,Grow Simplee Office,Grow Simplee Office,NOGST,9101214510,"Blitz, No. 677, 3rd Floor, 16th Main, 6th A Cross Rd, behind BDA Complex, Koramangala 3rd Block",Bangalore,Karnataka,560034,Susangita,9101214510,42,42,True,False,"[12.9302096, 77.6232251]"
2039,Subrat,Subrat,NOGST,8984100412,"Subhasmita Sahoo
#105, 4th Main Road, Shamana Gowda Layout,
Halasuru, Bangalore  Landmark - Opp Sai Deep Honey Dew Apatment",Bangalore,Karnataka,560008,Subhasmita Sahoo,8984100412,42,42,True,False,"[12.9743197, 77.63228699999999]"
2057,"15 Ground Floor, SY No  131 3, Hoskote, Anjaneya Garden IOC Road, Near Marie Gold Logistics,","15 Ground Floor, SY No  131 3, Hoskote, Anjaneya Garden IOC Road, Near Marie Gold Logistics,",TBD,7982813802,"15 Ground Floor, SY No  131 3, Hoskote, Anjaneya Garden IOC Road, Near Marie Gold Logistics, Makanahalli Village, Bengaluru, Bengaluru Urban,",Bangalore,Karnataka,560067,ZYWIE VENTURES PRIVATE LIMITED,7982813802,381,381,True,False,"[13.0692593, 77.7982428]"
2058,Survey No  1 1B 1 2P  Gangadharanaplya Village Kasaba Hobli  Neelmangla Taluk,Survey No  1 1B 1 2P  Gangadharanaplya Village Kasaba Hobli  Neelmangla Taluk,TBD,9380399681,Survey No  1 1B 1 2P  Gangadharanaplya Village Kasaba Hobli  Neelmangla Taluk,Bangalore,Karnataka,562123,UPRISING SCIENCE PRIVATE LIMITED,9380399681,381,381,True,False,"[13.165214, 77.4092323]"
2088,"Survey No  15 Ground Floor, SY No  131 3, Hoskote, Anjaneya Garden IOC Road Near Marie Gold Logistics, Makanahalli Village,","Survey No  15 Ground Floor, SY No  131 3, Hoskote, Anjaneya Garden IOC Road Near Marie Gold Logistics, Makanahalli Village,",TBD,7982813802,"Survey No  15 Ground Floor, SY No  131 3, Hoskote, Anjaneya Garden IOC Road Near Marie Gold Logistics, Makanahalli Village,",Bangalore,Karmataka,560067,ZYWIE VENTURES PRIVATE LIMITED,7982813802,411,411,True,False,"[12.9715987, 77.5945627]"
2105,"Imagine Marketing Ltd, C O GlaucusSupplyChain Solutions Pvt Ltd","Imagine Marketing Ltd, C O GlaucusSupplyChain Solutions Pvt Ltd",TBD,9901290276,"Imagine Marketing Ltd, C O GlaucusSupplyChain Solutions Pvt Ltd Koralur, Khasra No  56, Bangalore",Bangalore,Karnataka,560067,Imagine Marketing Limited.,9901290276,411,411,True,False,"[12.9881316, 77.78208819999999]"
